M22,,
001,ASLT/BTRY ,ASSAULT AND BATTERY
002,UNFAIR COMP ,UNFAIR COMPETITION 
003,AUTO NEGL ,AUTO NEGLIGENCE
004,ARBITRAT ,ARBITRATION
005,CVL RIGHTS ,CIVIL RIGHTS
006,BOOK ACC ,BOOK ACCOUNT
007,CLASS ACTN ,CLASS ACTION
OOS,BRCH CNTR ,BREACH OF CONTRACT 
009,CONDEMNTN ,CONDEMNATION 
010,COMRCL TRN ,COMMERCIAL TRANSACTION 
O11,DEFAMATION ,DEFAMATION 
012,CONSTRUCT ,CONSTRUCTION
013,ELECTION ,ELECTION
014,DECLAR JDG ,DECLARATORY JUDGMENT 
015,NUISANCE ,NUISANCE
016,FRANCHISE ,FRANCHISE
017,TORT CLAIM ,TORT CLAIM
018,INSURANCE ,INSURANCE
019,PIP,PERSONAL INJURY PROTECTION 
020,SALES ,SALES
021,PRROG WRIT ,PREROGATIVE WRIT
022,SECURE TRN ,SECURED TRANSACTION
023,PROD LIABL ,LIABILITY - PRODUCT 
024,WARRANTY ,WARRANTY
025,PROF LIABL ,LIABILITY - PROFESSIONAL 
026,CONTRC-OTH ,CONTRACT - OTHER 
027,PROF MALPT ,MALPRACTICE - PROFESSIONAL 
028,CONTRO-REG ,CONTRACT - REGULAR
029,PREMS LIAB ,PREMISE LIABILITY 
030,CONTRC-SCL ,CONTRACT - SMALL CLAIM 
031,TITLE 59 ,TITLE 59
032,REPLEVIN ,REPLEVIN
033,TORT-OTHER ,TORT - OTHER 
034,ATTACHMENT ,ATTACHMENT
036,MECHN LIEN ,MECHANIC LIEN
037,TORT AUTO ,TORT - AUTO
039,AUTO-SCL ,AUTO - SMALL CLAIM 
041,TORT-NEGL ,TORT - NEGLIGENCE 
043,PENALTY,PENALTY
045,NO PROCESS ,NO PROCESS
050,LCPROP/RGD ,LOCAL PROPERTY TAX - REGULAR-DIRECT
051,LC PROP/SC ,LOCAL PROPERTY TAX - SMALL CLAIM
052,LO PROP/OT ,LOCAL PROPERTY TAX - OTHER
053,STATE/REG,STATE - REGULAR
054,DECL DEAD ,DECLARE DEAD 
055,EST WILL ,ESTABLISH WILL 
056,INCOMPETNT ,IMCOMPETENCY 
057,PROB WILL ,PROBATE WILL 
058,SALE LANDS ,SALE OF LANDS 
059,MORT LANDS ,MORTGAGE LANDS 
060,OTHER PROB,OTHER PROPERTY
061,AC LUX TAX ,ATLANTIC CITY LUXURY TAX 
062,ABSTR RAT ,ABSTRACT RATABLES
063,ALC BEV ,ALCOHLIC BEVERAGES
064,ALC WHLSL ,ALCOHOLIC WHOLESALE SALES TAX 
065,BANK STOCK ,BANK STOCK
066,BUSNS PERS ,BUSINESS PERSONAL PROPERTY TAX 
067,BUS EXCISE ,BUSINESS EXCISE TAX
068,CIGARETTE ,CIGARETTE TAX 
069,CRP/BUS-OT ,CORPORATION/BUSINESS-OTHER 
070,CORP INCOM ,CORPORATION INCOME
071,COUNTY REB ,COUNTY REBATE
072,EMBRG TRAN ,EMERGENCY TRANSPORO_TION 
073,FIN BUSNS ,FINANCIAL BUSINESS
074,GROSS INCM ,GROSS INCOME
075,GROSS RECP ,GROSS RECEIPTS
076,HOMSTD REB ,HOMESTEAD REBATE 
077,INHR TAX ,TRANSFER INHERITANCE TAX 
078,IMPR ASESM ,IMPROVEMENT ASSESSMENT 
079,INS PREM ,INSURANCE PREMIUM 
080,JDGMNT COM ,JUDGMENT COMPLAINT
081,M FUEL SLE ,MOTOR FUEL SALE
082,M FUEL USE ,MOTOR FUEL USE
083,ORD RVALUE ,ORDER TO REVALUE
084,PUB UTL FR ,PUBLIC UTILITY FRANCHISE 
085,PUB UTL EX ,PUBLIC UTILITY EXCISE
086,PUB UTL GR ,PUBLIC UTILITY GROSS RECEIPTS 
087,RLRD FRAN,RAILROAD FRANCHISE
08B,RLRD PROP ,RAILROAD PROPERTY 
089,RET GR PEC ,RETAIL GROSS RECEIPTS 
090,RLTY TRANS ,REALITY TRANSFER FEE 
091,RETAITTRY ,RETAILIATORY
092,SALES&USE ,SALES AND USE
093,SAVNG INST ,SAVINGS INSTITUTION 
094,SCHOOL AID ,SCHOOL AID
095,SPILL COMP ,SPILL COMPENSATION 
096,TRANS BEN ,TRANSPORTATION BENEFITS 
097,UNINC BUS,UNINCORPORATE BUSINESS 
098,APP CONSER,APPOINT CONSERVATOR
145,MALPR/MED ,MEDICAL MALPRACTICE
146,STATE/SCML ,STATE-SMALL CLAIM-MULTIPLE 
147,STATE/RGML ,STATE-REGULAR-MULTIPLE
148,LCPROP/RND ,LOCAL PROPERTY TAX-REGULAR NON-DIRBCT
149,ESTATE TAX ,ESTATE TAX
150,LCPROP/CE ,LOCAL PROPERTY TAX-CORRECTION OF ERROR
151,NAME CHG ,NAME CHANGE
152,FORPIT/PRP ,FORFEITURE OF PROPERTY
153,JUDGMENT ,JUDGMENT
154,PETITION ,PETITION
155,SUM/SUP ,REQUEST FOR SUMMONS OR SUPEONA
156,ENVIRONMNT ,ENVIRONMENTAL LITIGATION
157,BILLS/NOTE,BILLS & NOTES
158,ASBESTOS ,ASBESTOS
159,59AUTO-NEG ,AUTO NEGLIGENCE (TITLE 59)
160,NEG-OTHER ,NEGLIGENCE-OTHER
161,PRG-WR-REC ,PREROGATIVE WRIT OTHER RECORD
162,SALE/WARNT ,SALES/WARRANTY
163,SEC-TRANS ,SECURED TRANSACTION
164,SHIP/BAILT ,SHIPPING/BAILMENT
165,TORT-TOXIC ,TORT-TOXIC
166,WRGFL-DATH ,WRONGFUL DEATH
167,WRGFL-DSCH ,WRONGFUL DISCHARGE FROM EMPLOYMENT
168,59TORT-CNT ,TORT-TITLE 59 CONTRACTUAL LIABILITY ACT 
169,59TORT-CLM ,TORT-TITLE 59 TORT CLAIMS ACT-OTHER THAN AUTO-NEG 
170,STMT DKTG ,STMT DKTG
171,CERT DEBT ,CERT DEBT
172,FRAUD,FRAUD
173,LATE CLAIM ,LATE CLAIM
174,DOG BITE ,DOG BITE
175,FORFEITURE ,FORFEITURE
176,RESTAT CASE ,REINSTATE CASE
177,MT LAUREL ,MT LAUREL
178,LAND USE ,LAND USE - OTHER THAN MT LAUREL
179,TEN-NSCP ,TENANCY - (NON SPECIAL CIVIL PART)
180,INS-DEC-JD ,INSURANCE - DECLARATORY JUDGEMENT COVERAGE 
181,INS-DR CAR ,INSURANCE - DIRECT ACTION AGAINST CARRIER 
182,CNTRCT ORL ,CONTRACT ORAL
185,HOSP LIEN ,HOSP LIEN
186,CRIMINAL ,CRIMINAL
187,DEFICIENCY ,DEFICIENCY
188,CONVERSION ,CONVERSION
189,NON-PAY ,NON PAYMENT
190,HOLDOVER ,HOLD OVER
191,DISORDLY,DISORDERLY
192,NONPAY+HOLOV ,NON PAYMENT AND HOLD OVER
193,NONPAY+DISDLY ,NON PAYMENT AND DISORDERLY
194,HOLDOVER+DISDLY ,HOLDOVER AND DISORDERLY
195,NONPAY+HOLD+DIS ,NON PAYMENT AND HOLDOVER AND DISORDERLY 
196,UNLAW DETAIN ,UNLAWFUL DETAINER
197,WORK COMP,WORKMENS COMPENSATION 
198,PD LIEN,PD LIEN
199,LATE PAYMENT ,LATE PAYMENT
200,APP OF AWARD ,APPEAL OF AWARD 
201,APPEAL ASSEM ,APPEAL ASSEM
202,AUTO JDG ,AUTO JDG
203,COMMITMENT ,COMMITMENT
204,CONFESS JDG ,CONFESS JUDG
205,COMPENSATION ,COMPENSATION
206,CNTR-RESC ,"CONTRACT-RESCISSION, REFORMATION OR CANCELLATION "
207,TRM/CNT LF ,TERMINATION/CONTINUATION OF LIFE SUPPORT 
208,DISCHARGE RC ,DISCHARGE RC
209,DISCH LIEN ,DISCHARGE LIEN-OTHER NON-MORTGAGE 
210,ISSUE COMM ,ISSUE COMM
211,ISSUE SUBPOENA ,ISSUE SUBPOENA
212,PERP TEST IMO ,PERP TEST IMO
213,PRESUME DEAD ,PRESUME DEAD 
214,TRANS CAUSE,TRANS CAUSE 
215,AUTO-N/S ,AUTO-N/S 
216,AUTO-STATE ,AUTO-STATE 
217,TORT-STATE ,TORT-STATE 
218,TORT-N/S ,TORT-N/S 
219,TORT,TORT
220,CONTR STATE,CONTR STATE
221,AUTO-AE ,AUTO-AE-
222,AUTO-STATE-AE ,AUTO-STATE-AE
223,AU_TO-N/S-AE ,AUTO-N/S-AE
224,ABANDONED MOTOR VEH ,ABANDONED MOTOR VEHICLE 
225,REFORMATION ,REFORMATION
226,RECESSION ,RECESSION
227,CONSTRUCTIVE TRUST ,CONSTRUCTIVE TRUST 
228,COMPEL ARB,COMPEL/CONFIRM/VACATE ARBITRATION 
229,STOCK DERIVATE ACTN ,STOCK DERIVATE ACTION
230,LABOR STRIKE ,LABOR STRIKE
231,SUBSTIT OF TRUSTEE ,SUBSTITUTION OF A TRUSTEE
232,CHILD SUPPORT ,CHILD SUPPORT
233,DOCKETED JUDGMT,DOCKETED JUDGMBNT-
234,FRT PLYWOOD ,FRT PLYWOOD LITIGATION
235,APP SP MED ,APPOINT SPECIAL MEDICAL GUARDIAN 
236,TRADE SECRETS,TRADE SECRETS
237,APP FIDUC,APPOINT FIDUCIARY-OTHER 
238,MUN APPEAL ,MUNICIPAL APPEAL 
239,BLACKJACK ,BLACKJACK LITIGATION 
240,FEH-PHEN ,FEN-PHEN
241,TOBACCO ,TOBACCO
242,MAYWOOD CONTAM ,MAYWOOD CONTAMINATION
243,LATEX,LATEX
244,HAMILT INDUSTR ,HAMILTON INDUSTRIAL PARK
245,Y2K-LIT,YEAR 2000 LITIGATION
246,REZULIN,REZULIN
247,PROPULSID LITIGATION ,PROPULSID LITIGATION
248,CIBA GEIGY,CIBA GEIGY
249,COOPER TIRE ,COOPER TIRE
250,ASGN BENFC ,ASSIGNMENT FOR BENEFIT OF CREDITORS 
251,PW/CAVEAT ,PROBATE WILL/CAVEAT FILED
252,PW/DOUBT ,PROBATE WILL/DOUBT
253,PW/LOST OR ,PROBATE WILL/LOST ORIGINAL
254,PW/AFT DSC ,PROBATE WILL/AFTER DISCOVERED 
255,RETN COMPT ,RETURN TO COMPETENCY
256,COMPEL INV ,COMPEL INVENTORY
257,SELL PROP ,SELL PROPERTY
258,EST INSOLV ,DECLARE ESTATE INSOLVENT
259,PERMT SALE ,PERMIT PROPERTY OR MORTGAGE SALE 
260,COMPEL PRD ,COMPEL PRODUCTION OF WILL
261,RECV INSTR ,RECEIVED INSTRUCTION/FIDUCIARY 
262,PERMT SETL ,PERMIT CLAIM SETTLEMENT/FIDUCIARY 
263,ACTN/SURTY ,ACTION V SURETY POSTED W COURT
264,PPA ,PPA
301,CONDEMNATION ,CONDEMNATION
302,TENANCY,TENANCY
303,MT. LAUREL,MT. LAUREL
304,LAND USE ,LAND USE
305,CONSTRUCTION,CONSTRUCTION
399,REAL PROP,REAL PROPERTY-OTHER
401,AUTO NEG-59,AUTO NEGLIGENCE-59 
402,OTHER TORT-59,OTHER TORT CLAIMS-59 
403,CONTR CLAIMS-59 ,CONTRACT CLAIMS-59 
501,BILLS/NOTES,BILLS AND NOTES
502,BOOK ACCT,BOOK ACCOUNT 
503,COMMERC TRANS ,COMMERCIAL TRANSACTION 
504,CONSTRUCTION,CONSTRUCTION
505,OTHER INSURANCE,OTHER INSURANCE
506,PIP COVERAGE,PIP COVERAGE
507,SALES WARR,SALES WARRANTY
508,COMPLEX COMM LITIGAT,COMPLEX COMMERCIAL LITIGATION
509,EMPLOYMENT,EMPLOYMENT CONTRACT
510,UM + UIM,UW +UIM
511,ACTION ON A NEGOTIABLE INSTRUM,ACTION ON A NEGOTIABLE INSTRUMENT
599,CONTRACT-OTHER,CONTRACT-OTHER
601,ASBESTOS,ASBESTOS
602,ASSAULT/BATTRY,ASSAULT AND BATTERY 
603,AUTO NEG-TORT,AUTO NEGLIGENCE-TORT 
604,MED MALPRACT,MEDICAL MALPRACTICE 
605,PERSONAL INJ,PERSONAL INJURY 
606,PROD LIABILTY,PRODUCTS LIABILITY
607,PROFESS LIAB,PROFESSIONAL LIABILITY
608,TOXIC TORT,TOXIC TORT
609,DEFAMATION,DEFAMATION 
610,AUTO-PROP,AUTO-PROP
611,BREAST IMPLT ,BREAST IMPLANT CASE 
612,BLOOD-CLOT SERUM ,BLOOD-CLOTTING SERUM 
613,RPT STRESS,REPETITIVE STRESS SYNDROME 
614,GAS PIPE EX,GAS PIPE EXPLOSION
615,FRGN JDG,FOREIGN JUDGMENT RECORDING
616,WHISTLEBLOW,WHISTLEBLOWER
617,INVERS CONDEMN,INVERSE CONDEMNATION
618,LAW AGAINST DIS ,LAW AGAINST DISCRIMINATION (LAD) 
699,TORT-OTHER,TORT-OTHER
701,AC LIEU PR WRIT,ACTIONS IN LIEU OF PREROGATIVE WRIT
702,LEAD PAINT LITIGATION ,LEAD PAINT LITIGATION
801,SUMMARY ACTION,SUMMARY ACTION
802,OPEN PUB REC ,NJ OPEN PUBLIC REC ACT 
899,MISCELLANEOUS ,MISCELLANEOUS
999,OTHER,OTHER